bank_id,year,net_fee_margin,digital_payment_pressure,capital_adequacy,size,credit_risk,interest_expense_ratio,deposit_ratio
BANK_01,2018,0.013931913572892165,20.28868554024593,0.06103673650400934,8.555830868404348,0.013914884222784646,0.02383181005912255,0.637522026872393
BANK_01,2019,0.014543849623241472,21.478807637354794,0.07774091138836786,8.528802712800365,0.01354411561732131,0.02474348825746327,0.6465809374725655
BANK_01,2020,0.015545755222719455,22.863177926577315,0.07596249735343723,8.521930407208258,0.011608551620577409,0.019502295297293106,0.6309088512146718
BANK_01,2021,0.01289494368311524,25.121260673500064,0.07851267189763676,8.52567346512685,0.01747383091474631,0.02214724531252685,0.7039282725373639
BANK_01,2022,0.015646970119746972,27.409973147288447,0.06830470480487613,8.554058327380167,0.014501768990154755,0.029550867138620273,0.6145786738177802
BANK_01,2023,0.013948690578893554,28.377184004204604,0.07542614688848058,8.520261483175949,0.01463015451740612,0.025817680861621506,0.624880515959576
BANK_02,2018,0.025618371789150503,20.712735092854757,0.08719727936428393,8.767339525708513,0.009552411154093018,0.03523783119362339,0.7760363253415941
BANK_02,2019,0.023378268040363543,22.7925278378663,0.07336178045109677,8.719779425112808,0.010671923552689476,0.024913396840840436,0.6383826729044104
BANK_02,2020,0.021779426481304688,25.14569325853207,0.07444415942133506,8.640583846654788,0.008991130344751568,0.021126890691128483,0.5927558806481458
BANK_02,2021,0.022324859674619786,26.951918739817344,0.07406688031761002,8.690284306315455,0.008349318101732658,0.025678602319601777,0.5803687420588179
BANK_02,2022,0.025313272662991347,29.90544671255391,0.07417030309023212,8.724799055415655,0.013365162375363608,0.02438805689110105,0.6239157271478021
BANK_02,2023,0.022845002032079943,28.787139848716546,0.09527424478271748,8.651236838800225,0.012172016962173614,0.026861996507161853,0.6649264069211274
BANK_03,2018,0.012462930225166261,19.764823743960633,0.07146300690675755,8.8870930043552,0.013764057544076395,0.017171662183286966,0.5777898371490665
BANK_03,2019,0.012499232875282755,21.940711436175683,0.10033172530038806,8.844705741981283,0.012751951649648922,0.020747553180321513,0.6081265513630529
BANK_03,2020,0.016107003286106147,23.565986902730874,0.08947216682822663,8.845731427182834,0.01618935925993873,0.025791419411094287,0.6485435004974713
BANK_03,2021,0.015598238682548431,25.9848530837387,0.09147806370547824,8.827921829422397,0.005135852523489028,0.025458986794726978,0.6255329937871169
BANK_03,2022,0.014197403080555972,29.197160026446902,0.06897158194907635,8.89059189346619,0.014837602633225557,0.02684294495564619,0.6947403263668391
BANK_03,2023,0.01574328392195769,28.182188354315787,0.09038982798561154,8.888812000874314,0.016171134426457782,0.02584915831124599,0.7149425247828255
BANK_04,2018,0.014389080818229117,17.555492962980296,0.06898598709915872,9.072740140243498,0.007605213935904371,0.023190542991222314,0.7342633583136712
BANK_04,2019,0.012928985918178218,23.949181468577855,0.07008437812537201,8.941601001131346,0.016549142811304658,0.01933222985023929,0.6536369415712958
BANK_04,2020,0.01247486930580264,22.46132430516283,0.0955263306525181,9.101973501170926,0.013654332522660517,0.024882037360659512,0.6576574733174158
BANK_04,2021,0.010335441739885948,25.1131234908045,0.0789506685345965,9.005910685955675,0.014547644603209536,0.019294074421521486,0.6318632409478788
BANK_04,2022,0.017999805399074538,27.796182205102074,0.08742605474146113,9.064851694527517,0.02075425982326059,0.0287591642150463,0.6123203724423925
BANK_04,2023,0.015473785757801412,27.895618431952656,0.0878873856904912,9.06972510499126,0.009360830943705645,0.030581394515938325,0.6641837487498735
BANK_05,2018,0.0169256942402196,21.56316004689686,0.07139062037318679,9.148833626650724,0.01627538093946642,0.02329308485224152,0.6517348034834026
BANK_05,2019,0.015947270951298574,23.163789617816075,0.08632709115931089,9.262796553156612,0.009817473928542299,0.02801235435696464,0.694397484588274
BANK_05,2020,0.014344696267307583,23.35503844533808,0.042525861418691066,9.242292100449175,0.012344629332933413,0.023521785555472446,0.6811239450253397
BANK_05,2021,0.01502355699883559,25.644746889796934,0.06516409025044337,9.161627097847475,0.013111608081937863,0.02530422845106967,0.6555496357074075
BANK_05,2022,0.01660573645968858,27.693747700867206,0.08036065663748994,9.226310834386346,0.0127683430645835,0.02871763817543091,0.6294124473782499
BANK_05,2023,0.015726283859240183,29.763660036831048,0.08105402006321673,9.200995528802295,0.013107419780485342,0.028455892063834646,0.6070008979389626
BANK_06,2018,0.016665320686334494,19.20655801505757,0.07380712146233681,9.337954118642575,0.008690617724752627,0.01885009364095722,0.6253371124218929
BANK_06,2019,0.01770557586453882,21.15045772238411,0.08371843027697494,9.392497333416038,0.009813261790741969,0.022112467791599574,0.6047395903397642
BANK_06,2020,0.01948953295483939,23.343134386607346,0.09622958127755177,9.461366065425738,0.016433705995910142,0.03331696960526717,0.6013172727150022
BANK_06,2021,0.01647511820553295,26.313263684598223,0.08476215912619331,9.485066846539038,0.01961362572859222,0.028917466512633404,0.67612584801208
BANK_06,2022,0.02031451506086648,25.855569484674966,0.08700223044972477,9.39697469245127,0.008008317968538528,0.02450390311351784,0.6644003125656452
BANK_06,2023,0.02190789340992958,28.870784705088813,0.07730782764786619,9.400248312724502,0.012518950192177605,0.020347467121071064,0.6833323365178822
BANK_07,2018,0.019850040794704687,18.262162835173147,0.08094508515455913,9.509374873460562,0.006512364403989318,0.027637005221721463,0.6531059633402793
BANK_07,2019,0.02025202086622387,19.295063502954598,0.06731067964302177,9.586487843820917,0.012095681192902812,0.027758800366401343,0.7109357967814514
BANK_07,2020,0.02258994905778122,24.162760587252905,0.07862201552560749,9.560138414590055,0.011265627762935403,0.028843012843679555,0.6088632412032126
BANK_07,2021,0.021272377537558337,27.172744641317426,0.08035732872363661,9.590196729945916,0.007764602079048191,0.034442138201818275,0.6891554279627808
BANK_07,2022,0.020555936631382946,27.268925124061877,0.08450971868557922,9.553950562594729,0.012849785292871922,0.02130569226170301,0.6698927837118993
BANK_07,2023,0.021467253751875564,30.074621994461783,0.0787963084795483,9.590749843247533,0.020882664330529436,0.02821693254896434,0.66071201669888
BANK_08,2018,0.012378733498350612,21.30106536632298,0.09602339182272054,9.762574204833077,0.01703025458401594,0.024550888919991295,0.5790778260015834
BANK_08,2019,0.012389574984252059,20.5316092043052,0.07725459976365733,9.785079232434072,0.00921307928528493,0.024679019558063075,0.6579740837742735
BANK_08,2020,0.014226203566224064,22.508817086917972,0.08087182810931462,9.794894785824582,0.010190315778325389,0.021994433464811503,0.644349866411032
BANK_08,2021,0.01621850772223321,24.748379775349928,0.07665852227395856,9.750749258032023,0.008742625216834828,0.02428985156344871,0.6275980878864584
BANK_08,2022,0.015301005006079647,26.579213077802613,0.0845711100211561,9.775180753650671,0.008645903637838164,0.020004201250846523,0.6321805747911636
BANK_08,2023,0.014835381841716769,28.31211282542206,0.07343845589472812,9.643991170410299,0.01080948332338943,0.026249915533965898,0.6677874890390371
